<?xml version="1.0"?>
<!DOCTYPE Configure PUBLIC "-//Mort Bay Consulting//DTD Configure//EN" "http://jetty.mortbay.org/configure.dtd">
<Configure class="org.eclipse.jetty.webapp.WebAppContext">
    <New id="BeanManager" class="org.eclipse.jetty.plus.jndi.Resource">
        <Arg>
            <Ref id="webAppCtx"/>
        </Arg>
        <Arg>BeanManager</Arg>
        <Arg>
            <New class="javax.naming.Reference">
                <Arg>javax.enterprise.inject.spi.BeanManager</Arg>
                <Arg>org.apache.webbeans.container.ManagerObjectFactory</Arg>
                <Arg/>
            </New>
        </Arg>
    </New>
</Configure>